{
  "best_val_wer": 0.8273626373626379,
  "test_loss": 4.215716841269512,
  "test_wer": 0.8315934065934065,
  "test_exact_match": 0.0
}